[
  {
    "date": "1993-07-05",
    "number_of_loans": 1
  },
  {
    "date": "1993-07-11",
    "number_of_loans": 1
  },
  {
    "date": "1993-07-28",
    "number_of_loans": 1
  },
  {
    "date": "1993-08-03",
    "number_of_loans": 1
  },
  {
    "date": "1993-09-06",
    "number_of_loans": 1
  },
  {
    "date": "1993-09-13",
    "number_of_loans": 1
  },
  {
    "date": "1993-09-15",
    "number_of_loans": 1
  },
  {
    "date": "1993-09-24",
    "number_of_loans": 1
  },
  {
    "date": "1993-10-13",
    "number_of_loans": 1
  },
  {
    "date": "1993-11-04",
    "number_of_loans": 1
  },
  {
    "date": "1993-11-10",
    "number_of_loans": 1
  },
  {
    "date": "1993-11-22",
    "number_of_loans": 1
  },
  {
    "date": "1993-12-01",
    "number_of_loans": 1
  },
  {
    "date": "1993-12-08",
    "number_of_loans": 2
  },
  {
    "date": "1993-12-09",
    "number_of_loans": 1
  },
  {
    "date": "1993-12-13",
    "number_of_loans": 1
  },
  {
    "date": "1993-12-16",
    "number_of_loans": 1
  },
  {
    "date": "1993-12-21",
    "number_of_loans": 1
  },
  {
    "date": "1993-12-23",
    "number_of_loans": 1
  },
  {
    "date": "1994-01-05",
    "number_of_loans": 2
  },
  {
    "date": "1994-01-10",
    "number_of_loans": 1
  },
  {
    "date": "1994-01-20",
    "number_of_loans": 1
  },
  {
    "date": "1994-01-21",
    "number_of_loans": 1
  },
  {
    "date": "1994-01-31",
    "number_of_loans": 1
  },
  {
    "date": "1994-02-06",
    "number_of_loans": 1
  },
  {
    "date": "1994-02-07",
    "number_of_loans": 1
  },
  {
    "date": "1994-02-17",
    "number_of_loans": 1
  },
  {
    "date": "1994-02-23",
    "number_of_loans": 1
  },
  {
    "date": "1994-02-27",
    "number_of_loans": 1
  },
  {
    "date": "1994-03-01",
    "number_of_loans": 1
  },
  {
    "date": "1994-03-08",
    "number_of_loans": 1
  },
  {
    "date": "1994-03-11",
    "number_of_loans": 1
  },
  {
    "date": "1994-03-15",
    "number_of_loans": 1
  },
  {
    "date": "1994-03-16",
    "number_of_loans": 1
  },
  {
    "date": "1994-03-30",
    "number_of_loans": 1
  },
  {
    "date": "1994-03-31",
    "number_of_loans": 1
  },
  {
    "date": "1994-04-06",
    "number_of_loans": 1
  },
  {
    "date": "1994-04-07",
    "number_of_loans": 1
  },
  {
    "date": "1994-04-18",
    "number_of_loans": 1
  },
  {
    "date": "1994-05-02",
    "number_of_loans": 1
  },
  {
    "date": "1994-05-09",
    "number_of_loans": 1
  },
  {
    "date": "1994-05-10",
    "number_of_loans": 1
  },
  {
    "date": "1994-05-11",
    "number_of_loans": 1
  },
  {
    "date": "1994-05-17",
    "number_of_loans": 1
  },
  {
    "date": "1994-05-20",
    "number_of_loans": 1
  },
  {
    "date": "1994-05-21",
    "number_of_loans": 1
  },
  {
    "date": "1994-05-22",
    "number_of_loans": 1
  },
  {
    "date": "1994-05-26",
    "number_of_loans": 3
  },
  {
    "date": "1994-05-31",
    "number_of_loans": 1
  },
  {
    "date": "1994-06-01",
    "number_of_loans": 1
  },
  {
    "date": "1994-06-03",
    "number_of_loans": 1
  },
  {
    "date": "1994-06-04",
    "number_of_loans": 2
  },
  {
    "date": "1994-06-05",
    "number_of_loans": 1
  },
  {
    "date": "1994-06-06",
    "number_of_loans": 1
  },
  {
    "date": "1994-06-07",
    "number_of_loans": 1
  },
  {
    "date": "1994-06-12",
    "number_of_loans": 1
  },
  {
    "date": "1994-06-14",
    "number_of_loans": 1
  },
  {
    "date": "1994-06-17",
    "number_of_loans": 1
  },
  {
    "date": "1994-06-23",
    "number_of_loans": 1
  },
  {
    "date": "1994-06-25",
    "number_of_loans": 1
  },
  {
    "date": "1994-06-29",
    "number_of_loans": 1
  },
  {
    "date": "1994-07-05",
    "number_of_loans": 2
  },
  {
    "date": "1994-07-08",
    "number_of_loans": 1
  },
  {
    "date": "1994-07-11",
    "number_of_loans": 2
  },
  {
    "date": "1994-07-16",
    "number_of_loans": 1
  },
  {
    "date": "1994-07-19",
    "number_of_loans": 1
  },
  {
    "date": "1994-07-23",
    "number_of_loans": 1
  },
  {
    "date": "1994-07-24",
    "number_of_loans": 1
  },
  {
    "date": "1994-07-28",
    "number_of_loans": 1
  },
  {
    "date": "1994-07-30",
    "number_of_loans": 2
  },
  {
    "date": "1994-08-03",
    "number_of_loans": 1
  },
  {
    "date": "1994-08-04",
    "number_of_loans": 1
  },
  {
    "date": "1994-08-05",
    "number_of_loans": 1
  },
  {
    "date": "1994-08-07",
    "number_of_loans": 1
  },
  {
    "date": "1994-08-10",
    "number_of_loans": 1
  },
  {
    "date": "1994-08-11",
    "number_of_loans": 1
  },
  {
    "date": "1994-08-23",
    "number_of_loans": 1
  },
  {
    "date": "1994-08-25",
    "number_of_loans": 1
  },
  {
    "date": "1994-08-27",
    "number_of_loans": 2
  },
  {
    "date": "1994-09-02",
    "number_of_loans": 1
  },
  {
    "date": "1994-09-10",
    "number_of_loans": 1
  },
  {
    "date": "1994-09-11",
    "number_of_loans": 1
  },
  {
    "date": "1994-09-19",
    "number_of_loans": 1
  },
  {
    "date": "1994-09-26",
    "number_of_loans": 1
  },
  {
    "date": "1994-09-28",
    "number_of_loans": 2
  },
  {
    "date": "1994-09-29",
    "number_of_loans": 1
  },
  {
    "date": "1994-09-30",
    "number_of_loans": 2
  },
  {
    "date": "1994-10-02",
    "number_of_loans": 1
  },
  {
    "date": "1994-10-03",
    "number_of_loans": 1
  },
  {
    "date": "1994-10-12",
    "number_of_loans": 1
  },
  {
    "date": "1994-10-25",
    "number_of_loans": 1
  },
  {
    "date": "1994-10-28",
    "number_of_loans": 1
  },
  {
    "date": "1994-10-30",
    "number_of_loans": 1
  },
  {
    "date": "1994-11-02",
    "number_of_loans": 1
  },
  {
    "date": "1994-11-03",
    "number_of_loans": 2
  },
  {
    "date": "1994-11-04",
    "number_of_loans": 1
  },
  {
    "date": "1994-11-06",
    "number_of_loans": 2
  },
  {
    "date": "1994-11-12",
    "number_of_loans": 1
  },
  {
    "date": "1994-11-19",
    "number_of_loans": 1
  },
  {
    "date": "1994-12-04",
    "number_of_loans": 1
  },
  {
    "date": "1994-12-08",
    "number_of_loans": 1
  },
  {
    "date": "1994-12-11",
    "number_of_loans": 1
  },
  {
    "date": "1994-12-19",
    "number_of_loans": 1
  },
  {
    "date": "1994-12-20",
    "number_of_loans": 2
  },
  {
    "date": "1994-12-21",
    "number_of_loans": 3
  },
  {
    "date": "1995-01-02",
    "number_of_loans": 1
  },
  {
    "date": "1995-01-03",
    "number_of_loans": 2
  },
  {
    "date": "1995-01-08",
    "number_of_loans": 2
  },
  {
    "date": "1995-01-11",
    "number_of_loans": 1
  },
  {
    "date": "1995-01-14",
    "number_of_loans": 1
  },
  {
    "date": "1995-01-16",
    "number_of_loans": 1
  },
  {
    "date": "1995-01-18",
    "number_of_loans": 1
  },
  {
    "date": "1995-01-30",
    "number_of_loans": 1
  },
  {
    "date": "1995-02-02",
    "number_of_loans": 1
  },
  {
    "date": "1995-02-05",
    "number_of_loans": 1
  },
  {
    "date": "1995-02-06",
    "number_of_loans": 1
  },
  {
    "date": "1995-02-08",
    "number_of_loans": 1
  },
  {
    "date": "1995-02-11",
    "number_of_loans": 1
  },
  {
    "date": "1995-02-12",
    "number_of_loans": 1
  },
  {
    "date": "1995-02-17",
    "number_of_loans": 1
  },
  {
    "date": "1995-02-23",
    "number_of_loans": 1
  },
  {
    "date": "1995-03-04",
    "number_of_loans": 2
  },
  {
    "date": "1995-03-11",
    "number_of_loans": 1
  },
  {
    "date": "1995-03-15",
    "number_of_loans": 1
  },
  {
    "date": "1995-03-16",
    "number_of_loans": 2
  },
  {
    "date": "1995-03-19",
    "number_of_loans": 1
  },
  {
    "date": "1995-03-21",
    "number_of_loans": 1
  },
  {
    "date": "1995-03-27",
    "number_of_loans": 1
  },
  {
    "date": "1995-03-29",
    "number_of_loans": 1
  },
  {
    "date": "1995-04-01",
    "number_of_loans": 1
  },
  {
    "date": "1995-04-02",
    "number_of_loans": 1
  },
  {
    "date": "1995-04-05",
    "number_of_loans": 1
  },
  {
    "date": "1995-04-10",
    "number_of_loans": 1
  },
  {
    "date": "1995-04-11",
    "number_of_loans": 1
  },
  {
    "date": "1995-04-13",
    "number_of_loans": 1
  },
  {
    "date": "1995-04-15",
    "number_of_loans": 1
  },
  {
    "date": "1995-04-25",
    "number_of_loans": 1
  },
  {
    "date": "1995-04-28",
    "number_of_loans": 1
  },
  {
    "date": "1995-05-01",
    "number_of_loans": 1
  },
  {
    "date": "1995-05-08",
    "number_of_loans": 1
  },
  {
    "date": "1995-05-24",
    "number_of_loans": 1
  },
  {
    "date": "1995-05-29",
    "number_of_loans": 1
  },
  {
    "date": "1995-05-30",
    "number_of_loans": 2
  },
  {
    "date": "1995-06-01",
    "number_of_loans": 1
  },
  {
    "date": "1995-06-06",
    "number_of_loans": 1
  },
  {
    "date": "1995-06-13",
    "number_of_loans": 2
  },
  {
    "date": "1995-06-23",
    "number_of_loans": 1
  },
  {
    "date": "1995-06-24",
    "number_of_loans": 1
  },
  {
    "date": "1995-07-03",
    "number_of_loans": 1
  },
  {
    "date": "1995-07-09",
    "number_of_loans": 1
  },
  {
    "date": "1995-07-10",
    "number_of_loans": 1
  },
  {
    "date": "1995-07-25",
    "number_of_loans": 1
  },
  {
    "date": "1995-08-01",
    "number_of_loans": 1
  },
  {
    "date": "1995-08-05",
    "number_of_loans": 1
  },
  {
    "date": "1995-08-11",
    "number_of_loans": 1
  },
  {
    "date": "1995-08-18",
    "number_of_loans": 1
  },
  {
    "date": "1995-08-26",
    "number_of_loans": 1
  },
  {
    "date": "1995-08-29",
    "number_of_loans": 1
  },
  {
    "date": "1995-09-03",
    "number_of_loans": 1
  },
  {
    "date": "1995-09-09",
    "number_of_loans": 1
  },
  {
    "date": "1995-09-16",
    "number_of_loans": 1
  },
  {
    "date": "1995-09-22",
    "number_of_loans": 1
  },
  {
    "date": "1995-10-02",
    "number_of_loans": 1
  },
  {
    "date": "1995-10-08",
    "number_of_loans": 1
  },
  {
    "date": "1995-10-14",
    "number_of_loans": 1
  },
  {
    "date": "1995-10-20",
    "number_of_loans": 1
  },
  {
    "date": "1995-10-28",
    "number_of_loans": 1
  },
  {
    "date": "1995-10-29",
    "number_of_loans": 1
  },
  {
    "date": "1995-10-31",
    "number_of_loans": 2
  },
  {
    "date": "1995-11-02",
    "number_of_loans": 1
  },
  {
    "date": "1995-11-04",
    "number_of_loans": 1
  },
  {
    "date": "1995-11-12",
    "number_of_loans": 1
  },
  {
    "date": "1995-11-18",
    "number_of_loans": 1
  },
  {
    "date": "1995-11-22",
    "number_of_loans": 2
  },
  {
    "date": "1995-11-23",
    "number_of_loans": 1
  },
  {
    "date": "1995-11-28",
    "number_of_loans": 2
  },
  {
    "date": "1995-12-04",
    "number_of_loans": 1
  },
  {
    "date": "1995-12-05",
    "number_of_loans": 1
  },
  {
    "date": "1995-12-11",
    "number_of_loans": 1
  },
  {
    "date": "1995-12-12",
    "number_of_loans": 3
  },
  {
    "date": "1995-12-16",
    "number_of_loans": 1
  },
  {
    "date": "1995-12-18",
    "number_of_loans": 1
  },
  {
    "date": "1995-12-25",
    "number_of_loans": 1
  },
  {
    "date": "1995-12-31",
    "number_of_loans": 1
  },
  {
    "date": "1996-01-01",
    "number_of_loans": 2
  },
  {
    "date": "1996-01-03",
    "number_of_loans": 1
  },
  {
    "date": "1996-01-11",
    "number_of_loans": 1
  },
  {
    "date": "1996-01-12",
    "number_of_loans": 1
  },
  {
    "date": "1996-01-19",
    "number_of_loans": 1
  },
  {
    "date": "1996-02-03",
    "number_of_loans": 1
  },
  {
    "date": "1996-02-08",
    "number_of_loans": 1
  },
  {
    "date": "1996-02-10",
    "number_of_loans": 1
  },
  {
    "date": "1996-02-12",
    "number_of_loans": 1
  },
  {
    "date": "1996-02-13",
    "number_of_loans": 1
  },
  {
    "date": "1996-02-20",
    "number_of_loans": 1
  },
  {
    "date": "1996-02-21",
    "number_of_loans": 1
  },
  {
    "date": "1996-02-24",
    "number_of_loans": 1
  },
  {
    "date": "1996-02-29",
    "number_of_loans": 1
  },
  {
    "date": "1996-03-04",
    "number_of_loans": 1
  },
  {
    "date": "1996-03-10",
    "number_of_loans": 1
  },
  {
    "date": "1996-03-13",
    "number_of_loans": 1
  },
  {
    "date": "1996-03-21",
    "number_of_loans": 1
  },
  {
    "date": "1996-03-26",
    "number_of_loans": 1
  },
  {
    "date": "1996-04-10",
    "number_of_loans": 1
  },
  {
    "date": "1996-04-11",
    "number_of_loans": 1
  },
  {
    "date": "1996-04-15",
    "number_of_loans": 1
  },
  {
    "date": "1996-04-18",
    "number_of_loans": 1
  },
  {
    "date": "1996-04-21",
    "number_of_loans": 1
  },
  {
    "date": "1996-04-25",
    "number_of_loans": 1
  },
  {
    "date": "1996-04-29",
    "number_of_loans": 3
  },
  {
    "date": "1996-05-02",
    "number_of_loans": 1
  },
  {
    "date": "1996-05-06",
    "number_of_loans": 2
  },
  {
    "date": "1996-05-14",
    "number_of_loans": 1
  },
  {
    "date": "1996-05-18",
    "number_of_loans": 1
  },
  {
    "date": "1996-05-24",
    "number_of_loans": 1
  },
  {
    "date": "1996-05-29",
    "number_of_loans": 1
  },
  {
    "date": "1996-05-30",
    "number_of_loans": 1
  },
  {
    "date": "1996-06-03",
    "number_of_loans": 1
  },
  {
    "date": "1996-06-06",
    "number_of_loans": 1
  },
  {
    "date": "1996-06-08",
    "number_of_loans": 1
  },
  {
    "date": "1996-06-13",
    "number_of_loans": 1
  },
  {
    "date": "1996-06-15",
    "number_of_loans": 1
  },
  {
    "date": "1996-06-29",
    "number_of_loans": 1
  },
  {
    "date": "1996-07-06",
    "number_of_loans": 1
  },
  {
    "date": "1996-07-11",
    "number_of_loans": 1
  },
  {
    "date": "1996-07-14",
    "number_of_loans": 1
  },
  {
    "date": "1996-07-15",
    "number_of_loans": 1
  },
  {
    "date": "1996-07-18",
    "number_of_loans": 2
  },
  {
    "date": "1996-07-23",
    "number_of_loans": 1
  },
  {
    "date": "1996-07-25",
    "number_of_loans": 2
  },
  {
    "date": "1996-07-27",
    "number_of_loans": 1
  },
  {
    "date": "1996-07-28",
    "number_of_loans": 1
  },
  {
    "date": "1996-07-31",
    "number_of_loans": 1
  },
  {
    "date": "1996-08-02",
    "number_of_loans": 2
  },
  {
    "date": "1996-08-03",
    "number_of_loans": 1
  },
  {
    "date": "1996-08-04",
    "number_of_loans": 1
  },
  {
    "date": "1996-08-06",
    "number_of_loans": 2
  },
  {
    "date": "1996-08-09",
    "number_of_loans": 1
  },
  {
    "date": "1996-08-11",
    "number_of_loans": 1
  },
  {
    "date": "1996-08-20",
    "number_of_loans": 1
  },
  {
    "date": "1996-08-22",
    "number_of_loans": 2
  },
  {
    "date": "1996-08-24",
    "number_of_loans": 1
  },
  {
    "date": "1996-08-25",
    "number_of_loans": 1
  },
  {
    "date": "1996-08-28",
    "number_of_loans": 1
  },
  {
    "date": "1996-09-09",
    "number_of_loans": 1
  },
  {
    "date": "1996-09-11",
    "number_of_loans": 1
  },
  {
    "date": "1996-09-14",
    "number_of_loans": 1
  },
  {
    "date": "1996-09-16",
    "number_of_loans": 1
  },
  {
    "date": "1996-09-17",
    "number_of_loans": 1
  },
  {
    "date": "1996-09-19",
    "number_of_loans": 2
  },
  {
    "date": "1996-09-22",
    "number_of_loans": 1
  },
  {
    "date": "1996-09-25",
    "number_of_loans": 2
  },
  {
    "date": "1996-09-26",
    "number_of_loans": 2
  },
  {
    "date": "1996-09-28",
    "number_of_loans": 1
  },
  {
    "date": "1996-10-02",
    "number_of_loans": 1
  },
  {
    "date": "1996-10-03",
    "number_of_loans": 1
  },
  {
    "date": "1996-10-04",
    "number_of_loans": 2
  },
  {
    "date": "1996-10-10",
    "number_of_loans": 1
  },
  {
    "date": "1996-10-16",
    "number_of_loans": 1
  },
  {
    "date": "1996-10-20",
    "number_of_loans": 1
  },
  {
    "date": "1996-10-23",
    "number_of_loans": 1
  },
  {
    "date": "1996-10-24",
    "number_of_loans": 1
  },
  {
    "date": "1996-10-29",
    "number_of_loans": 3
  },
  {
    "date": "1996-10-31",
    "number_of_loans": 1
  },
  {
    "date": "1996-11-03",
    "number_of_loans": 1
  },
  {
    "date": "1996-11-06",
    "number_of_loans": 1
  },
  {
    "date": "1996-11-09",
    "number_of_loans": 1
  },
  {
    "date": "1996-11-11",
    "number_of_loans": 1
  },
  {
    "date": "1996-11-12",
    "number_of_loans": 1
  },
  {
    "date": "1996-11-15",
    "number_of_loans": 3
  },
  {
    "date": "1996-11-18",
    "number_of_loans": 1
  },
  {
    "date": "1996-11-19",
    "number_of_loans": 1
  },
  {
    "date": "1996-11-22",
    "number_of_loans": 1
  },
  {
    "date": "1996-11-25",
    "number_of_loans": 1
  },
  {
    "date": "1996-11-28",
    "number_of_loans": 2
  },
  {
    "date": "1996-12-04",
    "number_of_loans": 1
  },
  {
    "date": "1996-12-05",
    "number_of_loans": 1
  },
  {
    "date": "1996-12-11",
    "number_of_loans": 1
  },
  {
    "date": "1996-12-12",
    "number_of_loans": 1
  },
  {
    "date": "1996-12-15",
    "number_of_loans": 1
  },
  {
    "date": "1996-12-21",
    "number_of_loans": 1
  },
  {
    "date": "1996-12-25",
    "number_of_loans": 1
  },
  {
    "date": "1996-12-27",
    "number_of_loans": 1
  },
  {
    "date": "1997-01-03",
    "number_of_loans": 1
  },
  {
    "date": "1997-01-04",
    "number_of_loans": 1
  },
  {
    "date": "1997-01-08",
    "number_of_loans": 1
  },
  {
    "date": "1997-01-21",
    "number_of_loans": 2
  },
  {
    "date": "1997-01-24",
    "number_of_loans": 2
  },
  {
    "date": "1997-01-29",
    "number_of_loans": 1
  },
  {
    "date": "1997-01-30",
    "number_of_loans": 1
  },
  {
    "date": "1997-01-31",
    "number_of_loans": 1
  },
  {
    "date": "1997-02-02",
    "number_of_loans": 2
  },
  {
    "date": "1997-02-05",
    "number_of_loans": 1
  },
  {
    "date": "1997-02-08",
    "number_of_loans": 1
  },
  {
    "date": "1997-02-09",
    "number_of_loans": 3
  },
  {
    "date": "1997-02-10",
    "number_of_loans": 1
  },
  {
    "date": "1997-02-12",
    "number_of_loans": 1
  },
  {
    "date": "1997-02-20",
    "number_of_loans": 1
  },
  {
    "date": "1997-02-24",
    "number_of_loans": 1
  },
  {
    "date": "1997-02-25",
    "number_of_loans": 1
  },
  {
    "date": "1997-02-26",
    "number_of_loans": 1
  },
  {
    "date": "1997-02-28",
    "number_of_loans": 1
  },
  {
    "date": "1997-03-04",
    "number_of_loans": 2
  },
  {
    "date": "1997-03-06",
    "number_of_loans": 1
  },
  {
    "date": "1997-03-07",
    "number_of_loans": 3
  },
  {
    "date": "1997-03-10",
    "number_of_loans": 1
  },
  {
    "date": "1997-03-13",
    "number_of_loans": 1
  },
  {
    "date": "1997-03-14",
    "number_of_loans": 1
  },
  {
    "date": "1997-03-15",
    "number_of_loans": 1
  },
  {
    "date": "1997-03-17",
    "number_of_loans": 3
  },
  {
    "date": "1997-03-18",
    "number_of_loans": 1
  },
  {
    "date": "1997-03-20",
    "number_of_loans": 2
  },
  {
    "date": "1997-03-21",
    "number_of_loans": 1
  },
  {
    "date": "1997-03-28",
    "number_of_loans": 1
  },
  {
    "date": "1997-03-29",
    "number_of_loans": 2
  },
  {
    "date": "1997-04-01",
    "number_of_loans": 3
  },
  {
    "date": "1997-04-02",
    "number_of_loans": 1
  },
  {
    "date": "1997-04-10",
    "number_of_loans": 1
  },
  {
    "date": "1997-04-13",
    "number_of_loans": 1
  },
  {
    "date": "1997-04-22",
    "number_of_loans": 1
  },
  {
    "date": "1997-04-26",
    "number_of_loans": 1
  },
  {
    "date": "1997-04-28",
    "number_of_loans": 2
  },
  {
    "date": "1997-04-29",
    "number_of_loans": 1
  },
  {
    "date": "1997-04-30",
    "number_of_loans": 1
  },
  {
    "date": "1997-05-01",
    "number_of_loans": 1
  },
  {
    "date": "1997-05-02",
    "number_of_loans": 1
  },
  {
    "date": "1997-05-03",
    "number_of_loans": 3
  },
  {
    "date": "1997-05-04",
    "number_of_loans": 2
  },
  {
    "date": "1997-05-06",
    "number_of_loans": 1
  },
  {
    "date": "1997-05-08",
    "number_of_loans": 1
  },
  {
    "date": "1997-05-09",
    "number_of_loans": 1
  },
  {
    "date": "1997-05-11",
    "number_of_loans": 1
  },
  {
    "date": "1997-05-18",
    "number_of_loans": 1
  },
  {
    "date": "1997-05-19",
    "number_of_loans": 1
  },
  {
    "date": "1997-05-22",
    "number_of_loans": 2
  },
  {
    "date": "1997-05-28",
    "number_of_loans": 1
  },
  {
    "date": "1997-06-02",
    "number_of_loans": 1
  },
  {
    "date": "1997-06-03",
    "number_of_loans": 2
  },
  {
    "date": "1997-06-04",
    "number_of_loans": 1
  },
  {
    "date": "1997-06-08",
    "number_of_loans": 1
  },
  {
    "date": "1997-06-09",
    "number_of_loans": 1
  },
  {
    "date": "1997-06-10",
    "number_of_loans": 2
  },
  {
    "date": "1997-06-13",
    "number_of_loans": 2
  },
  {
    "date": "1997-06-14",
    "number_of_loans": 1
  },
  {
    "date": "1997-06-15",
    "number_of_loans": 1
  },
  {
    "date": "1997-06-16",
    "number_of_loans": 1
  },
  {
    "date": "1997-06-17",
    "number_of_loans": 2
  },
  {
    "date": "1997-06-18",
    "number_of_loans": 1
  },
  {
    "date": "1997-06-19",
    "number_of_loans": 3
  },
  {
    "date": "1997-06-24",
    "number_of_loans": 1
  },
  {
    "date": "1997-06-30",
    "number_of_loans": 1
  },
  {
    "date": "1997-07-01",
    "number_of_loans": 1
  },
  {
    "date": "1997-07-09",
    "number_of_loans": 1
  },
  {
    "date": "1997-07-10",
    "number_of_loans": 1
  },
  {
    "date": "1997-07-11",
    "number_of_loans": 1
  },
  {
    "date": "1997-07-16",
    "number_of_loans": 2
  },
  {
    "date": "1997-07-21",
    "number_of_loans": 1
  },
  {
    "date": "1997-07-25",
    "number_of_loans": 1
  },
  {
    "date": "1997-07-28",
    "number_of_loans": 1
  },
  {
    "date": "1997-07-29",
    "number_of_loans": 1
  },
  {
    "date": "1997-07-30",
    "number_of_loans": 1
  },
  {
    "date": "1997-07-31",
    "number_of_loans": 1
  },
  {
    "date": "1997-08-04",
    "number_of_loans": 2
  },
  {
    "date": "1997-08-09",
    "number_of_loans": 1
  },
  {
    "date": "1997-08-10",
    "number_of_loans": 2
  },
  {
    "date": "1997-08-12",
    "number_of_loans": 1
  },
  {
    "date": "1997-08-15",
    "number_of_loans": 3
  },
  {
    "date": "1997-08-17",
    "number_of_loans": 1
  },
  {
    "date": "1997-08-20",
    "number_of_loans": 1
  },
  {
    "date": "1997-08-21",
    "number_of_loans": 1
  },
  {
    "date": "1997-08-22",
    "number_of_loans": 1
  },
  {
    "date": "1997-08-23",
    "number_of_loans": 1
  },
  {
    "date": "1997-08-24",
    "number_of_loans": 1
  },
  {
    "date": "1997-08-26",
    "number_of_loans": 2
  },
  {
    "date": "1997-08-27",
    "number_of_loans": 1
  },
  {
    "date": "1997-08-28",
    "number_of_loans": 1
  },
  {
    "date": "1997-08-30",
    "number_of_loans": 2
  },
  {
    "date": "1997-08-31",
    "number_of_loans": 1
  },
  {
    "date": "1997-09-01",
    "number_of_loans": 1
  },
  {
    "date": "1997-09-05",
    "number_of_loans": 1
  },
  {
    "date": "1997-09-06",
    "number_of_loans": 1
  },
  {
    "date": "1997-09-07",
    "number_of_loans": 3
  },
  {
    "date": "1997-09-08",
    "number_of_loans": 1
  },
  {
    "date": "1997-09-09",
    "number_of_loans": 1
  },
  {
    "date": "1997-09-12",
    "number_of_loans": 1
  },
  {
    "date": "1997-09-14",
    "number_of_loans": 1
  },
  {
    "date": "1997-09-15",
    "number_of_loans": 1
  },
  {
    "date": "1997-09-20",
    "number_of_loans": 1
  },
  {
    "date": "1997-09-21",
    "number_of_loans": 1
  },
  {
    "date": "1997-09-23",
    "number_of_loans": 1
  },
  {
    "date": "1997-09-24",
    "number_of_loans": 1
  },
  {
    "date": "1997-09-26",
    "number_of_loans": 1
  },
  {
    "date": "1997-09-28",
    "number_of_loans": 1
  },
  {
    "date": "1997-09-30",
    "number_of_loans": 1
  },
  {
    "date": "1997-10-01",
    "number_of_loans": 1
  },
  {
    "date": "1997-10-02",
    "number_of_loans": 1
  },
  {
    "date": "1997-10-04",
    "number_of_loans": 1
  },
  {
    "date": "1997-10-07",
    "number_of_loans": 1
  },
  {
    "date": "1997-10-08",
    "number_of_loans": 1
  },
  {
    "date": "1997-10-11",
    "number_of_loans": 1
  },
  {
    "date": "1997-10-14",
    "number_of_loans": 2
  },
  {
    "date": "1997-10-17",
    "number_of_loans": 1
  },
  {
    "date": "1997-10-19",
    "number_of_loans": 1
  },
  {
    "date": "1997-10-20",
    "number_of_loans": 1
  },
  {
    "date": "1997-10-21",
    "number_of_loans": 1
  },
  {
    "date": "1997-10-22",
    "number_of_loans": 1
  },
  {
    "date": "1997-10-23",
    "number_of_loans": 1
  },
  {
    "date": "1997-10-24",
    "number_of_loans": 1
  },
  {
    "date": "1997-11-01",
    "number_of_loans": 1
  },
  {
    "date": "1997-11-04",
    "number_of_loans": 2
  },
  {
    "date": "1997-11-05",
    "number_of_loans": 1
  },
  {
    "date": "1997-11-09",
    "number_of_loans": 2
  },
  {
    "date": "1997-11-12",
    "number_of_loans": 1
  },
  {
    "date": "1997-11-24",
    "number_of_loans": 1
  },
  {
    "date": "1997-11-26",
    "number_of_loans": 1
  },
  {
    "date": "1997-11-27",
    "number_of_loans": 1
  },
  {
    "date": "1997-11-28",
    "number_of_loans": 1
  },
  {
    "date": "1997-11-30",
    "number_of_loans": 2
  },
  {
    "date": "1997-12-06",
    "number_of_loans": 2
  },
  {
    "date": "1997-12-08",
    "number_of_loans": 3
  },
  {
    "date": "1997-12-09",
    "number_of_loans": 2
  },
  {
    "date": "1997-12-10",
    "number_of_loans": 1
  },
  {
    "date": "1997-12-11",
    "number_of_loans": 2
  },
  {
    "date": "1997-12-13",
    "number_of_loans": 1
  },
  {
    "date": "1997-12-20",
    "number_of_loans": 1
  },
  {
    "date": "1997-12-21",
    "number_of_loans": 1
  },
  {
    "date": "1997-12-24",
    "number_of_loans": 1
  },
  {
    "date": "1997-12-25",
    "number_of_loans": 2
  },
  {
    "date": "1997-12-26",
    "number_of_loans": 1
  },
  {
    "date": "1997-12-27",
    "number_of_loans": 1
  },
  {
    "date": "1997-12-28",
    "number_of_loans": 4
  },
  {
    "date": "1997-12-31",
    "number_of_loans": 1
  },
  {
    "date": "1998-01-02",
    "number_of_loans": 1
  },
  {
    "date": "1998-01-03",
    "number_of_loans": 2
  },
  {
    "date": "1998-01-04",
    "number_of_loans": 1
  },
  {
    "date": "1998-01-06",
    "number_of_loans": 1
  },
  {
    "date": "1998-01-08",
    "number_of_loans": 1
  },
  {
    "date": "1998-01-11",
    "number_of_loans": 2
  },
  {
    "date": "1998-01-12",
    "number_of_loans": 1
  },
  {
    "date": "1998-01-15",
    "number_of_loans": 1
  },
  {
    "date": "1998-01-17",
    "number_of_loans": 1
  },
  {
    "date": "1998-01-18",
    "number_of_loans": 1
  },
  {
    "date": "1998-01-19",
    "number_of_loans": 1
  },
  {
    "date": "1998-01-20",
    "number_of_loans": 1
  },
  {
    "date": "1998-01-21",
    "number_of_loans": 1
  },
  {
    "date": "1998-01-22",
    "number_of_loans": 1
  },
  {
    "date": "1998-01-23",
    "number_of_loans": 1
  },
  {
    "date": "1998-01-25",
    "number_of_loans": 1
  },
  {
    "date": "1998-01-26",
    "number_of_loans": 2
  },
  {
    "date": "1998-01-27",
    "number_of_loans": 2
  },
  {
    "date": "1998-01-29",
    "number_of_loans": 1
  },
  {
    "date": "1998-02-05",
    "number_of_loans": 2
  },
  {
    "date": "1998-02-07",
    "number_of_loans": 1
  },
  {
    "date": "1998-02-08",
    "number_of_loans": 1
  },
  {
    "date": "1998-02-09",
    "number_of_loans": 1
  },
  {
    "date": "1998-02-10",
    "number_of_loans": 1
  },
  {
    "date": "1998-02-12",
    "number_of_loans": 1
  },
  {
    "date": "1998-02-13",
    "number_of_loans": 1
  },
  {
    "date": "1998-02-15",
    "number_of_loans": 1
  },
  {
    "date": "1998-02-18",
    "number_of_loans": 1
  },
  {
    "date": "1998-02-24",
    "number_of_loans": 2
  },
  {
    "date": "1998-02-25",
    "number_of_loans": 1
  },
  {
    "date": "1998-02-28",
    "number_of_loans": 1
  },
  {
    "date": "1998-03-01",
    "number_of_loans": 2
  },
  {
    "date": "1998-03-07",
    "number_of_loans": 2
  },
  {
    "date": "1998-03-08",
    "number_of_loans": 1
  },
  {
    "date": "1998-03-11",
    "number_of_loans": 1
  },
  {
    "date": "1998-03-12",
    "number_of_loans": 1
  },
  {
    "date": "1998-03-13",
    "number_of_loans": 1
  },
  {
    "date": "1998-03-15",
    "number_of_loans": 1
  },
  {
    "date": "1998-03-16",
    "number_of_loans": 1
  },
  {
    "date": "1998-03-23",
    "number_of_loans": 1
  },
  {
    "date": "1998-03-30",
    "number_of_loans": 1
  },
  {
    "date": "1998-03-31",
    "number_of_loans": 1
  },
  {
    "date": "1998-04-02",
    "number_of_loans": 1
  },
  {
    "date": "1998-04-11",
    "number_of_loans": 1
  },
  {
    "date": "1998-04-16",
    "number_of_loans": 2
  },
  {
    "date": "1998-04-17",
    "number_of_loans": 1
  },
  {
    "date": "1998-04-19",
    "number_of_loans": 4
  },
  {
    "date": "1998-04-23",
    "number_of_loans": 2
  },
  {
    "date": "1998-04-27",
    "number_of_loans": 1
  },
  {
    "date": "1998-04-28",
    "number_of_loans": 2
  },
  {
    "date": "1998-04-29",
    "number_of_loans": 1
  },
  {
    "date": "1998-05-05",
    "number_of_loans": 1
  },
  {
    "date": "1998-05-07",
    "number_of_loans": 1
  },
  {
    "date": "1998-05-12",
    "number_of_loans": 1
  },
  {
    "date": "1998-05-15",
    "number_of_loans": 1
  },
  {
    "date": "1998-05-17",
    "number_of_loans": 2
  },
  {
    "date": "1998-05-21",
    "number_of_loans": 2
  },
  {
    "date": "1998-05-22",
    "number_of_loans": 1
  },
  {
    "date": "1998-05-24",
    "number_of_loans": 1
  },
  {
    "date": "1998-05-27",
    "number_of_loans": 1
  },
  {
    "date": "1998-05-28",
    "number_of_loans": 2
  },
  {
    "date": "1998-05-29",
    "number_of_loans": 2
  },
  {
    "date": "1998-05-30",
    "number_of_loans": 1
  },
  {
    "date": "1998-06-01",
    "number_of_loans": 1
  },
  {
    "date": "1998-06-03",
    "number_of_loans": 1
  },
  {
    "date": "1998-06-05",
    "number_of_loans": 1
  },
  {
    "date": "1998-06-06",
    "number_of_loans": 1
  },
  {
    "date": "1998-06-08",
    "number_of_loans": 2
  },
  {
    "date": "1998-06-10",
    "number_of_loans": 1
  },
  {
    "date": "1998-06-11",
    "number_of_loans": 1
  },
  {
    "date": "1998-06-15",
    "number_of_loans": 1
  },
  {
    "date": "1998-06-16",
    "number_of_loans": 1
  },
  {
    "date": "1998-06-18",
    "number_of_loans": 2
  },
  {
    "date": "1998-06-21",
    "number_of_loans": 1
  },
  {
    "date": "1998-06-23",
    "number_of_loans": 1
  },
  {
    "date": "1998-06-25",
    "number_of_loans": 1
  },
  {
    "date": "1998-06-27",
    "number_of_loans": 1
  },
  {
    "date": "1998-07-01",
    "number_of_loans": 1
  },
  {
    "date": "1998-07-05",
    "number_of_loans": 1
  },
  {
    "date": "1998-07-08",
    "number_of_loans": 1
  },
  {
    "date": "1998-07-11",
    "number_of_loans": 2
  },
  {
    "date": "1998-07-12",
    "number_of_loans": 4
  },
  {
    "date": "1998-07-14",
    "number_of_loans": 1
  },
  {
    "date": "1998-07-16",
    "number_of_loans": 1
  },
  {
    "date": "1998-07-18",
    "number_of_loans": 1
  },
  {
    "date": "1998-07-19",
    "number_of_loans": 1
  },
  {
    "date": "1998-07-24",
    "number_of_loans": 1
  },
  {
    "date": "1998-07-27",
    "number_of_loans": 1
  },
  {
    "date": "1998-07-29",
    "number_of_loans": 1
  },
  {
    "date": "1998-08-03",
    "number_of_loans": 1
  },
  {
    "date": "1998-08-15",
    "number_of_loans": 1
  },
  {
    "date": "1998-08-20",
    "number_of_loans": 1
  },
  {
    "date": "1998-08-29",
    "number_of_loans": 1
  },
  {
    "date": "1998-08-30",
    "number_of_loans": 1
  },
  {
    "date": "1998-09-02",
    "number_of_loans": 2
  },
  {
    "date": "1998-09-09",
    "number_of_loans": 2
  },
  {
    "date": "1998-09-10",
    "number_of_loans": 1
  },
  {
    "date": "1998-09-12",
    "number_of_loans": 1
  },
  {
    "date": "1998-09-15",
    "number_of_loans": 1
  },
  {
    "date": "1998-09-18",
    "number_of_loans": 1
  },
  {
    "date": "1998-09-21",
    "number_of_loans": 1
  },
  {
    "date": "1998-09-22",
    "number_of_loans": 2
  },
  {
    "date": "1998-09-24",
    "number_of_loans": 1
  },
  {
    "date": "1998-09-27",
    "number_of_loans": 1
  },
  {
    "date": "1998-09-30",
    "number_of_loans": 1
  },
  {
    "date": "1998-10-05",
    "number_of_loans": 2
  },
  {
    "date": "1998-10-06",
    "number_of_loans": 1
  },
  {
    "date": "1998-10-07",
    "number_of_loans": 1
  },
  {
    "date": "1998-10-08",
    "number_of_loans": 1
  },
  {
    "date": "1998-10-11",
    "number_of_loans": 1
  },
  {
    "date": "1998-10-12",
    "number_of_loans": 1
  },
  {
    "date": "1998-10-14",
    "number_of_loans": 1
  },
  {
    "date": "1998-10-29",
    "number_of_loans": 1
  },
  {
    "date": "1998-10-30",
    "number_of_loans": 1
  },
  {
    "date": "1998-11-04",
    "number_of_loans": 1
  },
  {
    "date": "1998-11-08",
    "number_of_loans": 1
  },
  {
    "date": "1998-11-10",
    "number_of_loans": 1
  },
  {
    "date": "1998-11-17",
    "number_of_loans": 1
  },
  {
    "date": "1998-11-21",
    "number_of_loans": 1
  },
  {
    "date": "1998-11-22",
    "number_of_loans": 1
  },
  {
    "date": "1998-11-25",
    "number_of_loans": 1
  },
  {
    "date": "1998-11-27",
    "number_of_loans": 1
  },
  {
    "date": "1998-12-01",
    "number_of_loans": 1
  },
  {
    "date": "1998-12-02",
    "number_of_loans": 2
  },
  {
    "date": "1998-12-05",
    "number_of_loans": 2
  },
  {
    "date": "1998-12-06",
    "number_of_loans": 2
  },
  {
    "date": "1998-12-08",
    "number_of_loans": 1
  }
]